driverRef,nationality
alguersuari,https://upload.wikimedia.org/wikipedia/commons/thumb/8/89/Bandera_de_Espa%C3%B1a.svg/1200px-Bandera_de_Espa%C3%B1a.svg.png
alonso,https://upload.wikimedia.org/wikipedia/commons/thumb/8/89/Bandera_de_Espa%C3%B1a.svg/1200px-Bandera_de_Espa%C3%B1a.svg.png
barrichello,https://upload.wikimedia.org/wikipedia/commons/thumb/0/05/Flag_of_Brazil.svg/300px-Flag_of_Brazil.svg.png
bruno_senna,https://upload.wikimedia.org/wikipedia/commons/thumb/0/05/Flag_of_Brazil.svg/300px-Flag_of_Brazil.svg.png
buemi,https://upload.wikimedia.org/wikipedia/commons/thumb/f/f3/Flag_of_Switzerland.svg/2048px-Flag_of_Switzerland.svg.png
button,https://upload.wikimedia.org/wikipedia/commons/4/42/Flag_of_the_United_Kingdom.png
chandhok,https://upload.wikimedia.org/wikipedia/commons/thumb/b/bc/Flag_of_India.png/1024px-Flag_of_India.png
glock,https://upload.wikimedia.org/wikipedia/en/thumb/b/ba/Flag_of_Germany.svg/2560px-Flag_of_Germany.svg.png
grassi,https://upload.wikimedia.org/wikipedia/commons/thumb/0/05/Flag_of_Brazil.svg/300px-Flag_of_Brazil.svg.png
aitken,https://upload.wikimedia.org/wikipedia/commons/4/42/Flag_of_the_United_Kingdom.png
albon,https://www.countryflags.com/wp-content/uploads/thailand-flag-png-large.png
ambrosio,https://upload.wikimedia.org/wikipedia/commons/thumb/6/65/Flag_of_Belgium.svg/2363px-Flag_of_Belgium.svg.png
bottas,https://upload.wikimedia.org/wikipedia/commons/1/10/Flag_of_Finland.png
brendon_hartley,https://upload.wikimedia.org/wikipedia/commons/thumb/3/3e/Flag_of_New_Zealand.svg/2560px-Flag_of_New_Zealand.svg.png
chilton,https://upload.wikimedia.org/wikipedia/commons/4/42/Flag_of_the_United_Kingdom.png
de_vries,https://upload.wikimedia.org/wikipedia/commons/b/b2/Flag_of_the_Netherlands.png
ericsson,https://upload.wikimedia.org/wikipedia/en/thumb/4/4c/Flag_of_Sweden.svg/2560px-Flag_of_Sweden.svg.png
garde,https://upload.wikimedia.org/wikipedia/commons/b/b2/Flag_of_the_Netherlands.png
gasly,https://upload.wikimedia.org/wikipedia/en/thumb/c/c3/Flag_of_France.svg/1200px-Flag_of_France.svg.png
giovinazzi,https://upload.wikimedia.org/wikipedia/commons/thumb/1/17/Flag_of_Italy_with_border.svg/2560px-Flag_of_Italy_with_border.svg.png
grosjean,https://upload.wikimedia.org/wikipedia/en/thumb/c/c3/Flag_of_France.svg/1200px-Flag_of_France.svg.png
gutierrez,https://upload.wikimedia.org/wikipedia/commons/1/17/Flag_of_Mexico.png
hamilton,https://upload.wikimedia.org/wikipedia/commons/4/42/Flag_of_the_United_Kingdom.png
haryanto,https://upload.wikimedia.org/wikipedia/commons/thumb/9/9f/Flag_of_Indonesia.svg/1280px-Flag_of_Indonesia.svg.png
heidfeld,https://upload.wikimedia.org/wikipedia/en/thumb/b/ba/Flag_of_Germany.svg/2560px-Flag_of_Germany.svg.png
hulkenberg,https://upload.wikimedia.org/wikipedia/en/thumb/b/ba/Flag_of_Germany.svg/2560px-Flag_of_Germany.svg.png
jolyon_palmer,https://upload.wikimedia.org/wikipedia/commons/4/42/Flag_of_the_United_Kingdom.png
jules_bianchi,https://upload.wikimedia.org/wikipedia/en/thumb/c/c3/Flag_of_France.svg/1200px-Flag_of_France.svg.png
karthikeyan,https://upload.wikimedia.org/wikipedia/commons/thumb/b/bc/Flag_of_India.png/1024px-Flag_of_India.png
kevin_magnussen,https://upload.wikimedia.org/wikipedia/commons/thumb/9/91/Flag_of_Denmark_fixed.svg/1200px-Flag_of_Denmark_fixed.svg.png
klien,https://upload.wikimedia.org/wikipedia/commons/7/76/Flag_of_Austria.png
kobayashi,https://upload.wikimedia.org/wikipedia/commons/thumb/9/9e/Flag_of_Japan.svg/2560px-Flag_of_Japan.svg.png
kovalainen,https://upload.wikimedia.org/wikipedia/commons/1/10/Flag_of_Finland.png
kubica,https://upload.wikimedia.org/wikipedia/en/thumb/1/12/Flag_of_Poland.svg/2560px-Flag_of_Poland.svg.png
kvyat,https://upload.wikimedia.org/wikipedia/en/thumb/f/f3/Flag_of_Russia.svg/800px-Flag_of_Russia.svg.png
latifi,https://upload.wikimedia.org/wikipedia/commons/d/d9/Flag_of_Canada_%28Pantone%29.svg
leclerc,https://upload.wikimedia.org/wikipedia/commons/thumb/e/ea/Flag_of_Monaco.svg/1000px-Flag_of_Monaco.svg.png
liuzzi,https://upload.wikimedia.org/wikipedia/en/thumb/0/03/Flag_of_Italy.svg/800px-Flag_of_Italy.svg.png
lotterer,https://upload.wikimedia.org/wikipedia/en/thumb/b/ba/Flag_of_Germany.svg/2560px-Flag_of_Germany.svg.png
maldonado,https://upload.wikimedia.org/wikipedia/commons/thumb/0/06/Flag_of_Venezuela.svg/2560px-Flag_of_Venezuela.svg.png
massa,https://upload.wikimedia.org/wikipedia/commons/thumb/0/05/Flag_of_Brazil.svg/300px-Flag_of_Brazil.svg.png
max_verstappen,https://upload.wikimedia.org/wikipedia/commons/b/b2/Flag_of_the_Netherlands.png
mazepin,https://upload.wikimedia.org/wikipedia/en/thumb/f/f3/Flag_of_Russia.svg/800px-Flag_of_Russia.svg.png
merhi,https://upload.wikimedia.org/wikipedia/commons/thumb/8/89/Bandera_de_Espa%C3%B1a.svg/1200px-Bandera_de_Espa%C3%B1a.svg.png
michael_schumacher,https://upload.wikimedia.org/wikipedia/en/thumb/b/ba/Flag_of_Germany.svg/2560px-Flag_of_Germany.svg.png
mick_schumacher,https://upload.wikimedia.org/wikipedia/en/thumb/b/ba/Flag_of_Germany.svg/2560px-Flag_of_Germany.svg.png
nasr,https://upload.wikimedia.org/wikipedia/commons/thumb/0/05/Flag_of_Brazil.svg/300px-Flag_of_Brazil.svg.png
norris,https://upload.wikimedia.org/wikipedia/commons/4/42/Flag_of_the_United_Kingdom.png
ocon,https://upload.wikimedia.org/wikipedia/en/thumb/c/c3/Flag_of_France.svg/1200px-Flag_of_France.svg.png
perez,https://upload.wikimedia.org/wikipedia/commons/1/17/Flag_of_Mexico.png
petrov,https://upload.wikimedia.org/wikipedia/en/thumb/f/f3/Flag_of_Russia.svg/800px-Flag_of_Russia.svg.png
pic,https://upload.wikimedia.org/wikipedia/en/thumb/c/c3/Flag_of_France.svg/1200px-Flag_of_France.svg.png
pietro_fittipaldi,https://upload.wikimedia.org/wikipedia/commons/thumb/0/05/Flag_of_Brazil.svg/300px-Flag_of_Brazil.svg.png
raikkonen,https://upload.wikimedia.org/wikipedia/commons/1/10/Flag_of_Finland.png
resta,https://upload.wikimedia.org/wikipedia/commons/4/42/Flag_of_the_United_Kingdom.png
ricciardo,https://upload.wikimedia.org/wikipedia/commons/8/88/Flag_of_Australia_%28converted%29.svg
rosa,https://upload.wikimedia.org/wikipedia/commons/thumb/8/89/Bandera_de_Espa%C3%B1a.svg/1200px-Bandera_de_Espa%C3%B1a.svg.png
rosberg,https://upload.wikimedia.org/wikipedia/en/thumb/b/ba/Flag_of_Germany.svg/2560px-Flag_of_Germany.svg.png
rossi,https://upload.wikimedia.org/wikipedia/commons/thumb/f/f5/Flag_of_the_United_States_%281912-1959%29.svg/2560px-Flag_of_the_United_States_%281912-1959%29.svg.png
russell,https://upload.wikimedia.org/wikipedia/commons/4/42/Flag_of_the_United_Kingdom.png
sainz,https://upload.wikimedia.org/wikipedia/commons/thumb/8/89/Bandera_de_Espa%C3%B1a.svg/1200px-Bandera_de_Espa%C3%B1a.svg.png
sirotkin,https://upload.wikimedia.org/wikipedia/en/thumb/f/f3/Flag_of_Russia.svg/800px-Flag_of_Russia.svg.png
stevens,https://upload.wikimedia.org/wikipedia/commons/4/42/Flag_of_the_United_Kingdom.png
stroll,https://upload.wikimedia.org/wikipedia/commons/d/d9/Flag_of_Canada_%28Pantone%29.svg
sutil,https://upload.wikimedia.org/wikipedia/en/thumb/b/ba/Flag_of_Germany.svg/2560px-Flag_of_Germany.svg.png
trulli,https://upload.wikimedia.org/wikipedia/en/thumb/0/03/Flag_of_Italy.svg/800px-Flag_of_Italy.svg.png
tsunoda,https://upload.wikimedia.org/wikipedia/en/thumb/9/9e/Flag_of_Japan.svg/1200px-Flag_of_Japan.svg.png
vandoorne,https://upload.wikimedia.org/wikipedia/commons/thumb/6/65/Flag_of_Belgium.svg/2363px-Flag_of_Belgium.svg.png
vergne,https://upload.wikimedia.org/wikipedia/en/thumb/c/c3/Flag_of_France.svg/1200px-Flag_of_France.svg.png
vettel,https://upload.wikimedia.org/wikipedia/en/thumb/b/ba/Flag_of_Germany.svg/2560px-Flag_of_Germany.svg.png
webber,https://upload.wikimedia.org/wikipedia/commons/8/88/Flag_of_Australia_%28converted%29.svg
wehrlein,https://upload.wikimedia.org/wikipedia/en/thumb/b/ba/Flag_of_Germany.svg/2560px-Flag_of_Germany.svg.png
yamamoto,https://upload.wikimedia.org/wikipedia/en/thumb/9/9e/Flag_of_Japan.svg/1200px-Flag_of_Japan.svg.png
zhou,https://upload.wikimedia.org/wikipedia/commons/2/2e/Flag_of_China.png