DriverId,url
alguersuari,https://upload.wikimedia.org/wikipedia/commons/8/84/Jaime_Alguersuari_Canada_2010_cropped.jpg
alonso,https://media.formula1.com/content/dam/fom-website/drivers/2023Drivers/alonso.jpg.img.640.medium.jpg/1677244577162.jpg
barrichello,https://upload.wikimedia.org/wikipedia/commons/2/28/Rubens_Barrichello_2010_Malaysia.jpg
buemi,https://upload.wikimedia.org/wikipedia/commons/d/d6/Sebastien_Buemi_-_Red_Bull_Racing_%28cropped%29.jpg
button,https://upload.wikimedia.org/wikipedia/commons/0/06/Jenson_Button_Bahrain_2012_%28crop%29.jpg
chandhok,https://upload.wikimedia.org/wikipedia/commons/thumb/3/32/Karun_Chandhok_Goodwood_Festival_of_Speed_2019_%2848242680701%29.jpg/1280px-Karun_Chandhok_Goodwood_Festival_of_Speed_2019_%2848242680701%29.jpg
rosa,https://upload.wikimedia.org/wikipedia/commons/f/fe/Pedro_de_la_Rosa_2010_Malaysia.jpg
grassi,https://upload.wikimedia.org/wikipedia/commons/0/01/TechCrunch_Disrupt_Berlin_2018_%28Day_1%29_08_%28cropped%29.jpg
glock,https://upload.wikimedia.org/wikipedia/commons/3/3e/Timo_Glock_Canada_2011-Cropped.jpg
hamilton,https://upload.wikimedia.org/wikipedia/commons/a/ac/Lewis_Hamilton_2022_S%C3%A3o_Paulo_Grand_Prix_%2852498120773%29_%28cropped%29.jpg
heidfeld,https://upload.wikimedia.org/wikipedia/commons/thumb/2/2c/Nick_Heidfeld_Goodwood_Festival_of_Speed_2019_%2848242681251%29.jpg/1280px-Nick_Heidfeld_Goodwood_Festival_of_Speed_2019_%2848242681251%29.jpg
hulkenberg,https://upload.wikimedia.org/wikipedia/commons/c/cd/Nico_Hulkenberg_2016_Malaysia.jpg
klien,https://upload.wikimedia.org/wikipedia/commons/f/f9/Kimi_Raikkonen_%28cropped%29.jpg
kobayashi,https://upload.wikimedia.org/wikipedia/commons/1/17/Kamui_Kobayashi_2010_Malaysia.jpg
kovalainen,https://upload.wikimedia.org/wikipedia/commons/2/29/Effect_20190609_091716.jpg
kubica,https://upload.wikimedia.org/wikipedia/commons/9/90/2019_Formula_One_tests_Barcelona%2C_Kubica_%2832309897777%29.jpg
liuzzi,https://upload.wikimedia.org/wikipedia/commons/0/01/Vitantonio_Liuzzi_2011_Malaysia.jpg
massa,https://upload.wikimedia.org/wikipedia/commons/thumb/7/79/Felipe_Massa_Le_Mans_Classic_2018_%28cropped%29.jpg/1024px-Felipe_Massa_Le_Mans_Classic_2018_%28cropped%29.jpg
petrov,https://upload.wikimedia.org/wikipedia/commons/thumb/3/31/Vitaly_Petrov_in_Goodwood.jpg/1280px-Vitaly_Petrov_in_Goodwood.jpg
rosberg,https://upload.wikimedia.org/wikipedia/commons/thumb/3/31/Nico_Rosberg_2016.jpg/1280px-Nico_Rosberg_2016.jpg
michael_schumacher,https://upload.wikimedia.org/wikipedia/commons/3/32/A%C3%A9cio_Neves%2C_Michael_Schumacher_e_Didi_%28Cropped%29.jpg
bruno_senna,https://upload.wikimedia.org/wikipedia/commons/thumb/3/32/Bruno_Senna_canada_2011.jpg/1280px-Bruno_Senna_canada_2011.jpg
sutil,https://upload.wikimedia.org/wikipedia/commons/thumb/e/e4/Adrian_Sutil.jpg/1280px-Adrian_Sutil.jpg
trulli,https://upload.wikimedia.org/wikipedia/commons/a/a7/Jarno-Trulli-2014-cropped.jpg
vettel,https://upload.wikimedia.org/wikipedia/commons/5/5e/Sebastian_Vettel_-_2022236172324_2022-08-24_Champions_for_Charity_-_Sven_-_1D_X_MK_II_-_0418_-_B70I2428.jpg
webber,https://upload.wikimedia.org/wikipedia/commons/b/b2/Mark_Webber_2017_Malaysian_GP_podium.jpg
yamamoto,https://upload.wikimedia.org/wikipedia/commons/9/98/Sakon_Yamamoto_2010_Motorsport_Japan.jpg
ambrosio,https://upload.wikimedia.org/wikipedia/commons/4/46/DAmbrosioBerlin.jpg
resta,https://upload.wikimedia.org/wikipedia/commons/thumb/d/df/2014_DTM_HockenheimringII_Paul_di_Resta_by_2eight_8SC5384.jpg/1920px-2014_DTM_HockenheimringII_Paul_di_Resta_by_2eight_8SC5384.jpg
karthikeyan,https://upload.wikimedia.org/wikipedia/commons/thumb/a/a6/Narain_Karthikeyan_2011_Malaysia2.jpg/1920px-Narain_Karthikeyan_2011_Malaysia2.jpg
maldonado,https://upload.wikimedia.org/wikipedia/commons/0/00/Pastor_Maldonado_2015_Malaysia.jpg
perez,https://upload.wikimedia.org/wikipedia/commons/7/7a/Sergio_P%C3%A9rez_2019_%28cropped%29.jpg
ricciardo,https://upload.wikimedia.org/wikipedia/commons/9/96/F12019_Schloss_Gabelhofen_%2818%29.jpg
grosjean,https://upload.wikimedia.org/wikipedia/commons/thumb/5/5a/Romain_Grosjean_%282021%29.jpg/1280px-Romain_Grosjean_%282021%29.jpg
pic,https://upload.wikimedia.org/wikipedia/commons/thumb/e/ef/Charles_Pic_Moscow_2013.jpg/1024px-Charles_Pic_Moscow_2013.jpg
raikkonen,https://upload.wikimedia.org/wikipedia/commons/f/ff/F12019_Schloss_Gabelhofen_%2822%29_%28cropped%29.jpg
vergne,https://upload.wikimedia.org/wikipedia/commons/thumb/b/b6/Jean-%C3%89ric_Vergne_at_2018_Berlin_ePrix_podium.jpg/1024px-Jean-%C3%89ric_Vergne_at_2018_Berlin_ePrix_podium.jpg
jules_bianchi,https://upload.wikimedia.org/wikipedia/commons/thumb/0/03/Jules_Bianchi_2012-1.JPG/1280px-Jules_Bianchi_2012-1.JPG
bottas,https://upload.wikimedia.org/wikipedia/commons/thumb/5/5f/Valtteri_Bottas_at_the_2022_Austrian_Grand_Prix.jpg/1024px-Valtteri_Bottas_at_the_2022_Austrian_Grand_Prix.jpg
chilton,https://upload.wikimedia.org/wikipedia/commons/thumb/f/f8/Max_Chilton_2.jpg/1280px-Max_Chilton_2.jpg
gutierrez,https://upload.wikimedia.org/wikipedia/commons/thumb/d/df/Esteban_Guti%C3%A9rrez_en_el_Gran_Premio_de_Italia_2019_%28cropped%29.jpg/1280px-Esteban_Guti%C3%A9rrez_en_el_Gran_Premio_de_Italia_2019_%28cropped%29.jpg
garde,https://upload.wikimedia.org/wikipedia/commons/thumb/b/b7/Giedo_van_der_Garde.jpg/1024px-Giedo_van_der_Garde.jpg
ericsson,https://upload.wikimedia.org/wikipedia/commons/thumb/b/bc/Marcus_Ericsson_%282021%29.jpg/1280px-Marcus_Ericsson_%282021%29.jpg
kvyat,https://upload.wikimedia.org/wikipedia/commons/thumb/4/44/Daniil_Kvyat_USA_2017.jpg/1024px-Daniil_Kvyat_USA_2017.jpg
lotterer,https://upload.wikimedia.org/wikipedia/commons/5/57/2022_Mexico_City_ePrix_podium_-_Lotterer.jpg
kevin_magnussen,https://upload.wikimedia.org/wikipedia/commons/thumb/6/63/Kevin_Magnussen%2C_2019_Formula_One_Tests_Barcelona_%28cropped%29.jpg/1024px-Kevin_Magnussen%2C_2019_Formula_One_Tests_Barcelona_%28cropped%29.jpg
stevens,https://upload.wikimedia.org/wikipedia/commons/thumb/c/c5/Will_Stevens_2017.jpg/1920px-Will_Stevens_2017.jpg
merhi,https://upload.wikimedia.org/wikipedia/commons/a/ab/Roberto_Merhi_Austria_2022.jpg
nasr,https://upload.wikimedia.org/wikipedia/commons/thumb/c/c8/Piloto_Felipe_Nasr_fala_%C3%A0_imprensa_ap%C3%B3s_encontro_com_Temer_%2828412246304%29_%28cropped%29.jpg/1280px-Piloto_Felipe_Nasr_fala_%C3%A0_imprensa_ap%C3%B3s_encontro_com_Temer_%2828412246304%29_%28cropped%29.jpg
rossi,https://upload.wikimedia.org/wikipedia/commons/thumb/4/45/Andretti_Autosport_Visit_180405-F-KS667-0012_%28cropped%29.jpg/1280px-Andretti_Autosport_Visit_180405-F-KS667-0012_%28cropped%29.jpg
sainz,https://upload.wikimedia.org/wikipedia/commons/thumb/0/05/Formel12021-SchlossGabelhofen%2815%29_%28cropped%29.jpg/1280px-Formel12021-SchlossGabelhofen%2815%29_%28cropped%29.jpg
max_verstappen,https://upload.wikimedia.org/wikipedia/commons/7/75/Max_Verstappen_2017_Malaysia_3.jpg
haryanto,https://upload.wikimedia.org/wikipedia/commons/6/6a/Rio_Haryanto_2016_paddock.jpg
ocon,https://upload.wikimedia.org/wikipedia/commons/7/79/Esteban_Ocon_2017_Malaysia_1.jpg
jolyon_palmer,https://upload.wikimedia.org/wikipedia/commons/6/6c/Jolyon_Palmer_2016_Malaysia.jpg
vandoorne,https://upload.wikimedia.org/wikipedia/commons/b/bc/Stoffel_Vandoorne_IAA_2019.jpg
wehrlein,https://upload.wikimedia.org/wikipedia/commons/0/0d/2022_Mexico_City_ePrix_podium_-_Wehrlein.jpg
gasly,https://upload.wikimedia.org/wikipedia/commons/thumb/9/9d/2019_Formula_One_tests_Barcelona%2C_Gasly_%2847200027932%29.jpg/1280px-2019_Formula_One_tests_Barcelona%2C_Gasly_%2847200027932%29.jpg
giovinazzi,https://upload.wikimedia.org/wikipedia/commons/thumb/a/a9/2019_Formula_One_tests_Barcelona%2C_Giovinazzi_%2847200025952%29.jpg/1280px-2019_Formula_One_tests_Barcelona%2C_Giovinazzi_%2847200025952%29.jpg
brendon_hartley,https://upload.wikimedia.org/wikipedia/commons/0/09/Brendon_Hartley_Wiki.jpg
stroll,https://upload.wikimedia.org/wikipedia/commons/a/aa/FIA_F1_Austria_2022_Lance_Stroll_%28cropped%29.jpg
leclerc,https://upload.wikimedia.org/wikipedia/commons/0/08/Charles-Leclerc.jpg
sirotkin,https://upload.wikimedia.org/wikipedia/commons/thumb/f/fa/Sergey_Sirotkin_Moscow.jpg/1280px-Sergey_Sirotkin_Moscow.jpg
albon,https://upload.wikimedia.org/wikipedia/commons/thumb/1/1f/Alex_albon_%2851383514844%29_%28cropped%29.jpg/1280px-Alex_albon_%2851383514844%29_%28cropped%29.jpg
norris,https://upload.wikimedia.org/wikipedia/commons/9/9c/Lando_Norris%2C_British_GP_2022_%2852382611003%29_%28cropped%29.jpg
russell,https://upload.wikimedia.org/wikipedia/commons/f/ff/George_Russell%2C_British_GP_2022_%2852381430692%29_%28cropped%29.jpg
aitken,https://upload.wikimedia.org/wikipedia/commons/6/63/Jack-aitken---tt-assen_43226091815_o_%28cropped%29.jpg
pietro_fittipaldi,https://upload.wikimedia.org/wikipedia/commons/thumb/c/c5/Pietro_and_Enzo_Fittipaldi_%28cropped%29_%281%29.jpg/1024px-Pietro_and_Enzo_Fittipaldi_%28cropped%29_%281%29.jpg
latifi,https://upload.wikimedia.org/wikipedia/commons/thumb/8/84/FIA_F1_Austria_2022_Nicholas_Latifi_%28cropped%29.jpg/1024px-FIA_F1_Austria_2022_Nicholas_Latifi_%28cropped%29.jpg
mazepin,https://upload.wikimedia.org/wikipedia/commons/e/e8/%D0%9D%D0%B8%D0%BA%D0%B8%D1%82%D0%B0_%D0%9C%D0%B0%D0%B7%D0%B5%D0%BF%D0%B8%D0%BD_-_%D0%B8%D0%BD%D1%82%D0%B5%D1%80%D0%B2%D1%8C%D1%8E_-_2019%2C_02.jpg
mick_schumacher,https://upload.wikimedia.org/wikipedia/commons/a/ab/Mick_Schumacher_-_2022236170142_2022-08-24_Champions_for_Charity_-_Sven_-_1D_X_MK_II_-_0047_-_B70I2057.jpg
tsunoda,https://upload.wikimedia.org/wikipedia/commons/e/eb/2021_US_GP%2C_Tsunoda.jpg
de_vries,https://upload.wikimedia.org/wikipedia/commons/0/09/Nyck_de_Vries_IAA_2019.jpg
zhou,https://upload.wikimedia.org/wikipedia/commons/thumb/e/ed/Zhou_Guanyu_at_the_2022_Austrian_Grand_Prix.jpg/1280px-Zhou_Guanyu_at_the_2022_Austrian_Grand_Prix.jpg
piastri,https://upload.wikimedia.org/wikipedia/commons/c/ce/Oscar_Piastri_Spa_%28cropped%29.jpg
sargeant,https://upload.wikimedia.org/wikipedia/commons/a/ae/Logan_Sargeant_Austria_2022.jpg